-- phpMyAdmin SQL Dump
-- version 5.2.1
-- https://www.phpmyadmin.net/
--
-- Host: 127.0.0.1:3306
-- Waktu pembuatan: 15 Okt 2023 pada 00.08
-- Versi server: 10.6.14-MariaDB-cll-lve
-- Versi PHP: 7.2.34

SET SQL_MODE = "NO_AUTO_VALUE_ON_ZERO";
START TRANSACTION;
SET time_zone = "+00:00";


/*!40101 SET @OLD_CHARACTER_SET_CLIENT=@@CHARACTER_SET_CLIENT */;
/*!40101 SET @OLD_CHARACTER_SET_RESULTS=@@CHARACTER_SET_RESULTS */;
/*!40101 SET @OLD_COLLATION_CONNECTION=@@COLLATION_CONNECTION */;
/*!40101 SET NAMES utf8mb4 */;

--
-- Database: `u739231395_sabar`
--

-- --------------------------------------------------------

--
-- Struktur dari tabel `profile_caleg`
--

CREATE TABLE `profile_caleg` (
  `id_profile` int(11) NOT NULL,
  `tipe` varchar(100) NOT NULL,
  `value` text NOT NULL
) ENGINE=InnoDB DEFAULT CHARSET=latin1 COLLATE=latin1_swedish_ci;

--
-- Dumping data untuk tabel `profile_caleg`
--

INSERT INTO `profile_caleg` (`id_profile`, `tipe`, `value`) VALUES
(1, 'Profile', '<p><strong>Nama: </strong><i><strong>RIKIA MARWAN SALAHUDIN, SE.,M.Si.</strong></i></p><p><strong>Tempat Lahir: Jakarta</strong></p><p><strong>Agama: Islam&nbsp;</strong></p><p><strong>Pekerjaan: Pensiunan Lurah Ciracas</strong></p><p><strong>Periode: 2019 – April 2023</strong></p><p><strong>Alamat:Jl. Raya Centex Gg. Mebel No. 65.B RT 06 RW 03 Kelurahan Ciracas</strong></p>'),
(2, 'Visi', '<p>Menjadi wakil rakyat yang berorientasi pada Pelayanan Masyarakat berbasis Pengalaman, Ilmu dan Teknologi Terbaru&nbsp;</p>'),
(3, 'Misi', '<ul><li>Menyampaikan aspirasi masyarakat kepada pemerintah (Eksekutif/Legislatif)</li><li>Memberikan Solusi terhadap permasalahan lingkungan/masyarakat tanpa dibatasi Otoritas Jabatan</li><li>Mendorong terbitnya Produk Hukum Daerah yang berorientasi pada perlindungan Hukum untuk masyarakat sehingga terwujudnya keamanan dan kenyamanan masyarakat</li><li>Bekerja bersama masyarakat dalam mengawasi roda pemerintahan yang bebas Korupsi Kolusi Nepotisme serta pungli</li><li>Mengangkat dan melestarikan Budaya Kesenian sesuai kearifan lokal</li><li>Menyiapkan tenaga kerja siap pakai guna kurangi angka pengangguran khususnya di Dapil 6 (Kec. Ciracas, Cipayung, Pasar Rebo dan Makasar, Jakarta Timur)</li></ul>'),
(4, 'Pendidikan', '<ul><li>S2 &nbsp; &nbsp; : LULUS Tahun 2019</li><li>S1 &nbsp; &nbsp; : LULUS Tahun 2015</li><li>SMA : LULUS Tahun 1984</li><li>SMP : LULUS Tahun 1981&nbsp;</li><li>SD &nbsp; &nbsp; : LULUS Tahun 1977</li></ul>'),
(11, 'Program', 'Bantuan Guru Ngaji kampung (Bukan BOTI)'),
(12, 'Program', 'Bantuan PAUD, POSYANDU, POSBINDU'),
(13, 'Program', 'Mengusulkan dan memperjuangkan penyesuaian apresiasi/suporting/operasional RW RT LMK DAWIS PKK KADER JUMANTIK PKK RW FKDM POSYANDU POSBINDU POSLANSIA'),
(14, 'Program', 'Pelatihan Pemberdayaan perempuan'),
(15, 'Program', 'Sembako murah bagi masyarakat'),
(16, 'Program', 'Pengembangan Wira Usaha (UMKM)'),
(17, 'Program', 'Pembangunan Infra struktur sesuai kebutuhan masyarakat'),
(18, 'Program', 'Mengadvokasi permasalahan masyarakat dan lingkungan'),
(19, 'Banner', 'Picsart_23-10-02_05-41-14-521.jpg'),
(27, 'Background', 'Picsart_23-10-02_05-50-38-151.jpg'),
(28, 'Prestasi', '1. Sebagai Pegawai Teladan di tahun 2008'),
(29, 'Prestasi', '2. Meraih Apresiasi Pelayanan terbaik tingkat kelurahan Ciracas'),
(30, 'Prestasi', '3. Meraih Apresiasi Keluarga Sadar Hukum Tingkat Provinsi'),
(31, 'Prestasi', '4. Pemberdayaan kampung sedekah terbaik se Indonesia'),
(32, 'Prestasi', '5. Pembina Karang Taruna Kelurahan'),
(33, 'Prestasi', '6. Pembina forum lanjut usia kelurahan'),
(38, 'Prestasi', '7. Mengadakan pelatihan-pelatihan kerja kepada masyarakat usia produktif'),
(40, 'Program', 'Memberikan bantuan alat deteksi kesehatan untuk posyandu, posbindu dan poslansia');

-- --------------------------------------------------------

--
-- Struktur dari tabel `tbl_pemilih`
--

CREATE TABLE `tbl_pemilih` (
  `id` int(11) NOT NULL,
  `nama` varchar(50) NOT NULL,
  `nik` varchar(16) NOT NULL,
  `alamat` varchar(255) NOT NULL,
  `no_hp` varchar(15) NOT NULL,
  `kd_wilayah` int(11) NOT NULL DEFAULT 0,
  `kd_kecamatan` int(11) NOT NULL,
  `kd_kelurahan` int(11) NOT NULL DEFAULT 0,
  `kd_rw` int(11) NOT NULL,
  `kd_rt` varchar(100) DEFAULT NULL,
  `kd_tps` varchar(100) DEFAULT NULL,
  `kd_ketua_tim` int(11) NOT NULL DEFAULT 0,
  `status` tinyint(4) NOT NULL DEFAULT 0,
  `tanggal` timestamp NOT NULL DEFAULT current_timestamp()
) ENGINE=InnoDB DEFAULT CHARSET=latin1 COLLATE=latin1_swedish_ci ROW_FORMAT=DYNAMIC;

--
-- Dumping data untuk tabel `tbl_pemilih`
--

INSERT INTO `tbl_pemilih` (`id`, `nama`, `nik`, `alamat`, `no_hp`, `kd_wilayah`, `kd_kecamatan`, `kd_kelurahan`, `kd_rw`, `kd_rt`, `kd_tps`, `kd_ketua_tim`, `status`, `tanggal`) VALUES
(1, 'Reno Anggriawan', '3175091201001001', 'Jl mebel rt 6/ rw 3', '089636730775', 0, 17, 33, 165, '6', '-', 1, 0, '2023-10-13 02:38:24'),
(2, 'Ahmad alvi fri anggoro', '3175080307890007', 'Jl mebel rt 6/ rw 3 ', '085692188878', 0, 17, 33, 165, '6', '-', 1, 0, '2023-10-13 02:40:56'),
(3, 'Ridwan nugroho', '3175092108020002', 'Jl mebel rt 06/ rw 03', '081384521149', 0, 17, 33, 165, '6', '-', 1, 0, '2023-10-13 03:07:08'),
(5, 'Rahmat', '3212098765432123', 'Jakarta Timur', '08123333333333', 0, 12, 14, 121, '1', '1', 1, 0, '2023-10-14 11:17:11');

-- --------------------------------------------------------

--
-- Struktur dari tabel `tbl_realcount`
--

CREATE TABLE `tbl_realcount` (
  `id_realcount` int(11) NOT NULL,
  `id_kecamatan` int(11) NOT NULL,
  `id_kelurahan` int(11) NOT NULL,
  `id_rw` int(11) NOT NULL,
  `id_rt` varchar(255) NOT NULL,
  `id_tps` varchar(255) NOT NULL,
  `id_saksi` int(11) NOT NULL,
  `result` bigint(20) NOT NULL,
  `path_form_c1` text NOT NULL,
  `path_plano` text NOT NULL,
  `status` int(11) NOT NULL
) ENGINE=InnoDB DEFAULT CHARSET=latin1 COLLATE=latin1_swedish_ci;

--
-- Dumping data untuk tabel `tbl_realcount`
--

INSERT INTO `tbl_realcount` (`id_realcount`, `id_kecamatan`, `id_kelurahan`, `id_rw`, `id_rt`, `id_tps`, `id_saksi`, `result`, `path_form_c1`, `path_plano`, `status`) VALUES
(1, 0, 0, 0, '1', '1', 1, 250, 'c11.jpg', 'plano1.jpeg', 0);

-- --------------------------------------------------------

--
-- Struktur dari tabel `tbl_role`
--

CREATE TABLE `tbl_role` (
  `id` int(11) NOT NULL,
  `name` varchar(50) NOT NULL,
  `description` text NOT NULL
) ENGINE=InnoDB DEFAULT CHARSET=latin1 COLLATE=latin1_swedish_ci;

--
-- Dumping data untuk tabel `tbl_role`
--

INSERT INTO `tbl_role` (`id`, `name`, `description`) VALUES
(1, 'Administrator', 'Administrator adalah pengelola aplikasi dan merupakan level tertinggi'),
(3, 'Koordinator Kecamatan', '...'),
(4, 'Koordinator Kelurahan', '...'),
(5, 'Koordinator RW', '...'),
(6, 'Koordinator RT', '...');

-- --------------------------------------------------------

--
-- Struktur dari tabel `tbl_saksi`
--

CREATE TABLE `tbl_saksi` (
  `id` int(11) NOT NULL,
  `nama` varchar(50) NOT NULL,
  `nik` varchar(16) NOT NULL,
  `alamat` varchar(255) NOT NULL,
  `no_hp` varchar(15) NOT NULL,
  `kd_wilayah` int(11) NOT NULL DEFAULT 0,
  `kd_kecamatan` int(11) NOT NULL,
  `kd_kelurahan` int(11) NOT NULL DEFAULT 0,
  `kd_rw` int(11) NOT NULL,
  `kd_rt` int(11) NOT NULL,
  `kd_tps` int(11) NOT NULL DEFAULT 0,
  `kd_ketua_tim` int(11) NOT NULL DEFAULT 0,
  `status` tinyint(4) NOT NULL DEFAULT 0
) ENGINE=InnoDB DEFAULT CHARSET=latin1 COLLATE=latin1_swedish_ci ROW_FORMAT=DYNAMIC;

--
-- Dumping data untuk tabel `tbl_saksi`
--

INSERT INTO `tbl_saksi` (`id`, `nama`, `nik`, `alamat`, `no_hp`, `kd_wilayah`, `kd_kecamatan`, `kd_kelurahan`, `kd_rw`, `kd_rt`, `kd_tps`, `kd_ketua_tim`, `status`) VALUES
(7, 'TEST', '1234567890123456', 'TEST', '0183232333', 0, 12, 14, 121, 1, 0, 1, 0),
(8, 'Testi', '1233131231231231', 'jakarta', '0812345678901', 0, 17, 9, 186, 3, 0, 1, 0);

-- --------------------------------------------------------

--
-- Struktur dari tabel `tbl_sessions`
--

CREATE TABLE `tbl_sessions` (
  `id` varchar(128) NOT NULL,
  `ip_address` varchar(45) NOT NULL,
  `timestamp` int(10) UNSIGNED NOT NULL DEFAULT 0,
  `data` blob NOT NULL
) ENGINE=InnoDB DEFAULT CHARSET=latin1 COLLATE=latin1_swedish_ci;

--
-- Dumping data untuk tabel `tbl_sessions`
--

INSERT INTO `tbl_sessions` (`id`, `ip_address`, `timestamp`, `data`) VALUES
('pvp43eps4ml4oh8t2h4fkgttj1nondpn', '216.251.130.74', 1697319606, 0x5f5f63695f6c6173745f726567656e65726174657c693a313639373331393538363b7365676d656e747c613a313a7b693a303b733a303a22223b7d5f5f63695f766172737c613a313a7b733a373a227365676d656e74223b733a333a226f6c64223b7d),
('7rc3jbdcjk5nomamkc9pssh6j3vtamlb', '36.99.136.138', 1697320461, 0x5f5f63695f6c6173745f726567656e65726174657c693a313639373332303436313b7365676d656e747c613a313a7b693a303b733a303a22223b7d5f5f63695f766172737c613a313a7b733a373a227365676d656e74223b733a333a226e6577223b7d),
('co3lsq236jtnfivqcl5gvs3ols3mrn1f', '36.99.136.142', 1697320462, 0x5f5f63695f6c6173745f726567656e65726174657c693a313639373332303436323b),
('5tm043k2it0r5q9gm7su7fkph3av8l16', '36.99.136.139', 1697320469, 0x5f5f63695f6c6173745f726567656e65726174657c693a313639373332303436383b7365676d656e747c613a313a7b693a303b733a303a22223b7d5f5f63695f766172737c613a313a7b733a373a227365676d656e74223b733a333a226f6c64223b7d),
('ipgvmcjamnj8enr2ab3soroqj5453v0q', '103.78.115.97', 1697322136, 0x5f5f63695f6c6173745f726567656e65726174657c693a313639373332323133363b7365676d656e747c613a323a7b693a303b733a353a2272656b6170223b693a313b733a393a22616a61785f6c697374223b7d5f5f63695f766172737c613a323a7b733a373a227365676d656e74223b733a333a226e6577223b733a333a226d7367223b733a333a226f6c64223b7d69735f6c6f67696e7c623a313b69647c733a313a2231223b70617373776f72647c733a33323a223137633435323066366366643161623533643837343565383436383165623439223b69645f726f6c657c733a313a2231223b757365726e616d657c733a31303a22737570657261646d696e223b66697273745f6e616d657c733a31303a22537570657241646d696e223b656d61696c7c733a303a22223b70686f6e657c733a303a22223b70686f746f7c733a33333a22506963736172745f32332d31302d30315f31392d34322d35352d3033322e6a7067223b637265617465645f6f6e7c733a31393a22323032332d30392d31332032303a33393a3131223b6c6173745f6c6f67696e7c733a31393a22323032332d31302d31342031383a32333a3139223b69645f6b6563616d6174616e7c733a313a2230223b69645f646573617c733a313a2230223b69645f72777c733a313a2230223b69645f72747c733a313a2230223b69645f7470737c733a313a2230223b7374617475737c733a383a224c6f67656420696e223b6d73677c733a3334343a223c7020636c6173733d22626f782d6d7367223e0a090909092020202020203c64697620636c6173733d22696e666f2d626f7820616c6572742d73756363657373223e0a09090909092020202020203c64697620636c6173733d22696e666f2d626f782d69636f6e223e0a0909090909202020202020093c6920636c6173733d2266612066612d636865636b2d636972636c65223e3c2f693e0a09090909092020202020203c2f6469763e0a09090909092020202020203c64697620636c6173733d22696e666f2d626f782d636f6e74656e7422207374796c653d22666f6e742d73697a653a31347078223e0a090909092020202020202020093c62207374796c653d22666f6e742d73697a653a2032307078223e53656c616d617420646174616e6720537570657241646d696e2e2e2e2e2e2e3c2f623e3c2f6469763e0a090909090920203c2f6469763e0a09090909202020203c2f703e223b),
('iv968dd27tbt8es84iedaf27710aiaig', '103.78.115.97', 1697322439, 0x5f5f63695f6c6173745f726567656e65726174657c693a313639373332323433393b7365676d656e747c613a323a7b693a303b733a383a2250656e6767756e61223b693a313b733a363a2274616d70696c223b7d5f5f63695f766172737c613a323a7b733a373a227365676d656e74223b733a333a226e6577223b733a333a226d7367223b733a333a226f6c64223b7d69735f6c6f67696e7c623a313b69647c733a313a2231223b70617373776f72647c733a33323a223137633435323066366366643161623533643837343565383436383165623439223b69645f726f6c657c733a313a2231223b757365726e616d657c733a31303a22737570657261646d696e223b66697273745f6e616d657c733a31303a22537570657241646d696e223b656d61696c7c733a303a22223b70686f6e657c733a303a22223b70686f746f7c733a33333a22506963736172745f32332d31302d30315f31392d34322d35352d3033322e6a7067223b637265617465645f6f6e7c733a31393a22323032332d30392d31332032303a33393a3131223b6c6173745f6c6f67696e7c733a31393a22323032332d31302d31342031383a32333a3139223b69645f6b6563616d6174616e7c733a313a2230223b69645f646573617c733a313a2230223b69645f72777c733a313a2230223b69645f72747c733a313a2230223b69645f7470737c733a313a2230223b7374617475737c733a383a224c6f67656420696e223b6d73677c733a3334343a223c7020636c6173733d22626f782d6d7367223e0a090909092020202020203c64697620636c6173733d22696e666f2d626f7820616c6572742d73756363657373223e0a09090909092020202020203c64697620636c6173733d22696e666f2d626f782d69636f6e223e0a0909090909202020202020093c6920636c6173733d2266612066612d636865636b2d636972636c65223e3c2f693e0a09090909092020202020203c2f6469763e0a09090909092020202020203c64697620636c6173733d22696e666f2d626f782d636f6e74656e7422207374796c653d22666f6e742d73697a653a31347078223e0a090909092020202020202020093c62207374796c653d22666f6e742d73697a653a2032307078223e53656c616d617420646174616e6720537570657241646d696e2e2e2e2e2e2e3c2f623e3c2f6469763e0a090909090920203c2f6469763e0a09090909202020203c2f703e223b),
('cc4p1jtvj97j60hd0cbg57bqta5b6c52', '103.78.115.97', 1697322741, 0x5f5f63695f6c6173745f726567656e65726174657c693a313639373332323734313b7365676d656e747c613a323a7b693a303b733a373a2270656d696c6968223b693a313b733a393a22616a61785f6c697374223b7d5f5f63695f766172737c613a323a7b733a373a227365676d656e74223b733a333a226e6577223b733a333a226d7367223b733a333a226f6c64223b7d69735f6c6f67696e7c623a313b69647c733a313a2231223b70617373776f72647c733a33323a223137633435323066366366643161623533643837343565383436383165623439223b69645f726f6c657c733a313a2231223b757365726e616d657c733a31303a22737570657261646d696e223b66697273745f6e616d657c733a31303a22537570657241646d696e223b656d61696c7c733a303a22223b70686f6e657c733a303a22223b70686f746f7c733a33333a22506963736172745f32332d31302d30315f31392d34322d35352d3033322e6a7067223b637265617465645f6f6e7c733a31393a22323032332d30392d31332032303a33393a3131223b6c6173745f6c6f67696e7c733a31393a22323032332d31302d31342031383a32333a3139223b69645f6b6563616d6174616e7c733a313a2230223b69645f646573617c733a313a2230223b69645f72777c733a313a2230223b69645f72747c733a313a2230223b69645f7470737c733a313a2230223b7374617475737c733a383a224c6f67656420696e223b6d73677c733a3334343a223c7020636c6173733d22626f782d6d7367223e0a090909092020202020203c64697620636c6173733d22696e666f2d626f7820616c6572742d73756363657373223e0a09090909092020202020203c64697620636c6173733d22696e666f2d626f782d69636f6e223e0a0909090909202020202020093c6920636c6173733d2266612066612d636865636b2d636972636c65223e3c2f693e0a09090909092020202020203c2f6469763e0a09090909092020202020203c64697620636c6173733d22696e666f2d626f782d636f6e74656e7422207374796c653d22666f6e742d73697a653a31347078223e0a090909092020202020202020093c62207374796c653d22666f6e742d73697a653a2032307078223e53656c616d617420646174616e6720537570657241646d696e2e2e2e2e2e2e3c2f623e3c2f6469763e0a090909090920203c2f6469763e0a09090909202020203c2f703e223b),
('v1ahopc16r6g368bmmhlb6k3nqm5g6vu', '103.78.115.97', 1697323704, 0x5f5f63695f6c6173745f726567656e65726174657c693a313639373332333730343b7365676d656e747c613a323a7b693a303b733a383a2250656e6767756e61223b693a313b733a363a2274616d70696c223b7d5f5f63695f766172737c613a323a7b733a373a227365676d656e74223b733a333a226e6577223b733a333a226d7367223b733a333a226f6c64223b7d69735f6c6f67696e7c623a313b69647c733a313a2231223b70617373776f72647c733a33323a223137633435323066366366643161623533643837343565383436383165623439223b69645f726f6c657c733a313a2231223b757365726e616d657c733a31303a22737570657261646d696e223b66697273745f6e616d657c733a31303a22537570657241646d696e223b656d61696c7c733a303a22223b70686f6e657c733a303a22223b70686f746f7c733a33333a22506963736172745f32332d31302d30315f31392d34322d35352d3033322e6a7067223b637265617465645f6f6e7c733a31393a22323032332d30392d31332032303a33393a3131223b6c6173745f6c6f67696e7c733a31393a22323032332d31302d31342031383a32333a3139223b69645f6b6563616d6174616e7c733a313a2230223b69645f646573617c733a313a2230223b69645f72777c733a313a2230223b69645f72747c733a313a2230223b69645f7470737c733a313a2230223b7374617475737c733a383a224c6f67656420696e223b6d73677c733a3334343a223c7020636c6173733d22626f782d6d7367223e0a090909092020202020203c64697620636c6173733d22696e666f2d626f7820616c6572742d73756363657373223e0a09090909092020202020203c64697620636c6173733d22696e666f2d626f782d69636f6e223e0a0909090909202020202020093c6920636c6173733d2266612066612d636865636b2d636972636c65223e3c2f693e0a09090909092020202020203c2f6469763e0a09090909092020202020203c64697620636c6173733d22696e666f2d626f782d636f6e74656e7422207374796c653d22666f6e742d73697a653a31347078223e0a090909092020202020202020093c62207374796c653d22666f6e742d73697a653a2032307078223e53656c616d617420646174616e6720537570657241646d696e2e2e2e2e2e2e3c2f623e3c2f6469763e0a090909090920203c2f6469763e0a09090909202020203c2f703e223b),
('h5hjeibeblgl8mpeh4ggjefq4i1kql44', '103.78.115.97', 1697324122, 0x5f5f63695f6c6173745f726567656e65726174657c693a313639373332343132323b7365676d656e747c613a323a7b693a303b733a393a226b6563616d6174616e223b693a313b733a393a22616a61785f6c697374223b7d5f5f63695f766172737c613a323a7b733a373a227365676d656e74223b733a333a226e6577223b733a333a226d7367223b733a333a226f6c64223b7d69735f6c6f67696e7c623a313b69647c733a313a2231223b70617373776f72647c733a33323a223137633435323066366366643161623533643837343565383436383165623439223b69645f726f6c657c733a313a2231223b757365726e616d657c733a31303a22737570657261646d696e223b66697273745f6e616d657c733a31303a22537570657241646d696e223b656d61696c7c733a303a22223b70686f6e657c733a303a22223b70686f746f7c733a33333a22506963736172745f32332d31302d30315f31392d34322d35352d3033322e6a7067223b637265617465645f6f6e7c733a31393a22323032332d30392d31332032303a33393a3131223b6c6173745f6c6f67696e7c733a31393a22323032332d31302d31342031383a32333a3139223b69645f6b6563616d6174616e7c733a313a2230223b69645f646573617c733a313a2230223b69645f72777c733a313a2230223b69645f72747c733a313a2230223b69645f7470737c733a313a2230223b7374617475737c733a383a224c6f67656420696e223b6d73677c733a3334343a223c7020636c6173733d22626f782d6d7367223e0a090909092020202020203c64697620636c6173733d22696e666f2d626f7820616c6572742d73756363657373223e0a09090909092020202020203c64697620636c6173733d22696e666f2d626f782d69636f6e223e0a0909090909202020202020093c6920636c6173733d2266612066612d636865636b2d636972636c65223e3c2f693e0a09090909092020202020203c2f6469763e0a09090909092020202020203c64697620636c6173733d22696e666f2d626f782d636f6e74656e7422207374796c653d22666f6e742d73697a653a31347078223e0a090909092020202020202020093c62207374796c653d22666f6e742d73697a653a2032307078223e53656c616d617420646174616e6720537570657241646d696e2e2e2e2e2e2e3c2f623e3c2f6469763e0a090909090920203c2f6469763e0a09090909202020203c2f703e223b),
('fhs3iq0lsjt9tplp53mhnfo6ffio439l', '103.78.115.97', 1697324770, 0x5f5f63695f6c6173745f726567656e65726174657c693a313639373332343737303b7365676d656e747c613a323a7b693a303b733a383a2250656e6767756e61223b693a313b733a363a2274616d70696c223b7d5f5f63695f766172737c613a323a7b733a373a227365676d656e74223b733a333a226e6577223b733a333a226d7367223b733a333a226f6c64223b7d69735f6c6f67696e7c623a313b69647c733a313a2231223b70617373776f72647c733a33323a223137633435323066366366643161623533643837343565383436383165623439223b69645f726f6c657c733a313a2231223b757365726e616d657c733a31303a22737570657261646d696e223b66697273745f6e616d657c733a31303a22537570657241646d696e223b656d61696c7c733a303a22223b70686f6e657c733a303a22223b70686f746f7c733a33333a22506963736172745f32332d31302d30315f31392d34322d35352d3033322e6a7067223b637265617465645f6f6e7c733a31393a22323032332d30392d31332032303a33393a3131223b6c6173745f6c6f67696e7c733a31393a22323032332d31302d31342031383a32333a3139223b69645f6b6563616d6174616e7c733a313a2230223b69645f646573617c733a313a2230223b69645f72777c733a313a2230223b69645f72747c733a313a2230223b69645f7470737c733a313a2230223b7374617475737c733a383a224c6f67656420696e223b6d73677c733a3334343a223c7020636c6173733d22626f782d6d7367223e0a090909092020202020203c64697620636c6173733d22696e666f2d626f7820616c6572742d73756363657373223e0a09090909092020202020203c64697620636c6173733d22696e666f2d626f782d69636f6e223e0a0909090909202020202020093c6920636c6173733d2266612066612d636865636b2d636972636c65223e3c2f693e0a09090909092020202020203c2f6469763e0a09090909092020202020203c64697620636c6173733d22696e666f2d626f782d636f6e74656e7422207374796c653d22666f6e742d73697a653a31347078223e0a090909092020202020202020093c62207374796c653d22666f6e742d73697a653a2032307078223e53656c616d617420646174616e6720537570657241646d696e2e2e2e2e2e2e3c2f623e3c2f6469763e0a090909090920203c2f6469763e0a09090909202020203c2f703e223b),
('su4kmnftk1b589co9410337fr3oqboh1', '103.78.115.97', 1697325073, 0x5f5f63695f6c6173745f726567656e65726174657c693a313639373332353037333b7365676d656e747c613a323a7b693a303b733a383a2250656e6767756e61223b693a313b733a363a2274616d70696c223b7d5f5f63695f766172737c613a323a7b733a373a227365676d656e74223b733a333a226e6577223b733a333a226d7367223b733a333a226f6c64223b7d69735f6c6f67696e7c623a313b69647c733a313a2231223b70617373776f72647c733a33323a223137633435323066366366643161623533643837343565383436383165623439223b69645f726f6c657c733a313a2231223b757365726e616d657c733a31303a22737570657261646d696e223b66697273745f6e616d657c733a31303a22537570657241646d696e223b656d61696c7c733a303a22223b70686f6e657c733a303a22223b70686f746f7c733a33333a22506963736172745f32332d31302d30315f31392d34322d35352d3033322e6a7067223b637265617465645f6f6e7c733a31393a22323032332d30392d31332032303a33393a3131223b6c6173745f6c6f67696e7c733a31393a22323032332d31302d31342031383a32333a3139223b69645f6b6563616d6174616e7c733a313a2230223b69645f646573617c733a313a2230223b69645f72777c733a313a2230223b69645f72747c733a313a2230223b69645f7470737c733a313a2230223b7374617475737c733a383a224c6f67656420696e223b6d73677c733a3334343a223c7020636c6173733d22626f782d6d7367223e0a090909092020202020203c64697620636c6173733d22696e666f2d626f7820616c6572742d73756363657373223e0a09090909092020202020203c64697620636c6173733d22696e666f2d626f782d69636f6e223e0a0909090909202020202020093c6920636c6173733d2266612066612d636865636b2d636972636c65223e3c2f693e0a09090909092020202020203c2f6469763e0a09090909092020202020203c64697620636c6173733d22696e666f2d626f782d636f6e74656e7422207374796c653d22666f6e742d73697a653a31347078223e0a090909092020202020202020093c62207374796c653d22666f6e742d73697a653a2032307078223e53656c616d617420646174616e6720537570657241646d696e2e2e2e2e2e2e3c2f623e3c2f6469763e0a090909090920203c2f6469763e0a09090909202020203c2f703e223b),
('h743o365pjr3nh675ntr1csej36u56hk', '103.78.115.97', 1697326071, 0x5f5f63695f6c6173745f726567656e65726174657c693a313639373332363037313b7365676d656e747c613a323a7b693a303b733a393a226b656c75726168616e223b693a313b733a393a22616a61785f6c697374223b7d5f5f63695f766172737c613a323a7b733a373a227365676d656e74223b733a333a226e6577223b733a333a226d7367223b733a333a226f6c64223b7d69735f6c6f67696e7c623a313b69647c733a313a2231223b70617373776f72647c733a33323a223137633435323066366366643161623533643837343565383436383165623439223b69645f726f6c657c733a313a2231223b757365726e616d657c733a31303a22737570657261646d696e223b66697273745f6e616d657c733a31303a22537570657241646d696e223b656d61696c7c733a303a22223b70686f6e657c733a303a22223b70686f746f7c733a33333a22506963736172745f32332d31302d30315f31392d34322d35352d3033322e6a7067223b637265617465645f6f6e7c733a31393a22323032332d30392d31332032303a33393a3131223b6c6173745f6c6f67696e7c733a31393a22323032332d31302d31342031383a32333a3139223b69645f6b6563616d6174616e7c733a313a2230223b69645f646573617c733a313a2230223b69645f72777c733a313a2230223b69645f72747c733a313a2230223b69645f7470737c733a313a2230223b7374617475737c733a383a224c6f67656420696e223b6d73677c733a3334343a223c7020636c6173733d22626f782d6d7367223e0a090909092020202020203c64697620636c6173733d22696e666f2d626f7820616c6572742d73756363657373223e0a09090909092020202020203c64697620636c6173733d22696e666f2d626f782d69636f6e223e0a0909090909202020202020093c6920636c6173733d2266612066612d636865636b2d636972636c65223e3c2f693e0a09090909092020202020203c2f6469763e0a09090909092020202020203c64697620636c6173733d22696e666f2d626f782d636f6e74656e7422207374796c653d22666f6e742d73697a653a31347078223e0a090909092020202020202020093c62207374796c653d22666f6e742d73697a653a2032307078223e53656c616d617420646174616e6720537570657241646d696e2e2e2e2e2e2e3c2f623e3c2f6469763e0a090909090920203c2f6469763e0a09090909202020203c2f703e223b),
('6kk8uaqul2sc6ecmimchudv3grnvhnsm', '103.78.115.97', 1697326430, 0x5f5f63695f6c6173745f726567656e65726174657c693a313639373332363433303b7365676d656e747c613a323a7b693a303b733a373a2270656d696c6968223b693a313b733a393a22616a61785f6c697374223b7d5f5f63695f766172737c613a323a7b733a373a227365676d656e74223b733a333a226e6577223b733a333a226d7367223b733a333a226f6c64223b7d69735f6c6f67696e7c623a313b69647c733a313a2231223b70617373776f72647c733a33323a223137633435323066366366643161623533643837343565383436383165623439223b69645f726f6c657c733a313a2231223b757365726e616d657c733a31303a22737570657261646d696e223b66697273745f6e616d657c733a31303a22537570657241646d696e223b656d61696c7c733a303a22223b70686f6e657c733a303a22223b70686f746f7c733a33333a22506963736172745f32332d31302d30315f31392d34322d35352d3033322e6a7067223b637265617465645f6f6e7c733a31393a22323032332d30392d31332032303a33393a3131223b6c6173745f6c6f67696e7c733a31393a22323032332d31302d31342031383a32333a3139223b69645f6b6563616d6174616e7c733a313a2230223b69645f646573617c733a313a2230223b69645f72777c733a313a2230223b69645f72747c733a313a2230223b69645f7470737c733a313a2230223b7374617475737c733a383a224c6f67656420696e223b6d73677c733a3334343a223c7020636c6173733d22626f782d6d7367223e0a090909092020202020203c64697620636c6173733d22696e666f2d626f7820616c6572742d73756363657373223e0a09090909092020202020203c64697620636c6173733d22696e666f2d626f782d69636f6e223e0a0909090909202020202020093c6920636c6173733d2266612066612d636865636b2d636972636c65223e3c2f693e0a09090909092020202020203c2f6469763e0a09090909092020202020203c64697620636c6173733d22696e666f2d626f782d636f6e74656e7422207374796c653d22666f6e742d73697a653a31347078223e0a090909092020202020202020093c62207374796c653d22666f6e742d73697a653a2032307078223e53656c616d617420646174616e6720537570657241646d696e2e2e2e2e2e2e3c2f623e3c2f6469763e0a090909090920203c2f6469763e0a09090909202020203c2f703e223b),
('nb00mgdk2bp1fd18rktnfu64jsg52a98', '34.136.121.107', 1697326390, 0x5f5f63695f6c6173745f726567656e65726174657c693a313639373332363338393b7365676d656e747c613a313a7b693a303b733a303a22223b7d5f5f63695f766172737c613a313a7b733a373a227365676d656e74223b733a333a226f6c64223b7d),
('ejt7bo5ps0m1848mpv4chq6nugsd2usv', '103.78.115.97', 1697326914, 0x5f5f63695f6c6173745f726567656e65726174657c693a313639373332363931343b7365676d656e747c613a323a7b693a303b733a373a2270656d696c6968223b693a313b733a393a22616a61785f6c697374223b7d5f5f63695f766172737c613a323a7b733a373a227365676d656e74223b733a333a226e6577223b733a333a226d7367223b733a333a226f6c64223b7d69735f6c6f67696e7c623a313b69647c733a313a2231223b70617373776f72647c733a33323a223137633435323066366366643161623533643837343565383436383165623439223b69645f726f6c657c733a313a2231223b757365726e616d657c733a31303a22737570657261646d696e223b66697273745f6e616d657c733a31303a22537570657241646d696e223b656d61696c7c733a303a22223b70686f6e657c733a303a22223b70686f746f7c733a33333a22506963736172745f32332d31302d30315f31392d34322d35352d3033322e6a7067223b637265617465645f6f6e7c733a31393a22323032332d30392d31332032303a33393a3131223b6c6173745f6c6f67696e7c733a31393a22323032332d31302d31342031383a32333a3139223b69645f6b6563616d6174616e7c733a313a2230223b69645f646573617c733a313a2230223b69645f72777c733a313a2230223b69645f72747c733a313a2230223b69645f7470737c733a313a2230223b7374617475737c733a383a224c6f67656420696e223b6d73677c733a3334343a223c7020636c6173733d22626f782d6d7367223e0a090909092020202020203c64697620636c6173733d22696e666f2d626f7820616c6572742d73756363657373223e0a09090909092020202020203c64697620636c6173733d22696e666f2d626f782d69636f6e223e0a0909090909202020202020093c6920636c6173733d2266612066612d636865636b2d636972636c65223e3c2f693e0a09090909092020202020203c2f6469763e0a09090909092020202020203c64697620636c6173733d22696e666f2d626f782d636f6e74656e7422207374796c653d22666f6e742d73697a653a31347078223e0a090909092020202020202020093c62207374796c653d22666f6e742d73697a653a2032307078223e53656c616d617420646174616e6720537570657241646d696e2e2e2e2e2e2e3c2f623e3c2f6469763e0a090909090920203c2f6469763e0a09090909202020203c2f703e223b),
('5hnd6rgfpl0bf7rsra07g356ulk0boob', '103.78.115.97', 1697327216, 0x5f5f63695f6c6173745f726567656e65726174657c693a313639373332373231363b7365676d656e747c613a323a7b693a303b733a353a2273616b7369223b693a313b733a393a22616a61785f6c697374223b7d5f5f63695f766172737c613a323a7b733a373a227365676d656e74223b733a333a226e6577223b733a333a226d7367223b733a333a226f6c64223b7d69735f6c6f67696e7c623a313b69647c733a313a2231223b70617373776f72647c733a33323a223137633435323066366366643161623533643837343565383436383165623439223b69645f726f6c657c733a313a2231223b757365726e616d657c733a31303a22737570657261646d696e223b66697273745f6e616d657c733a31303a22537570657241646d696e223b656d61696c7c733a303a22223b70686f6e657c733a303a22223b70686f746f7c733a33333a22506963736172745f32332d31302d30315f31392d34322d35352d3033322e6a7067223b637265617465645f6f6e7c733a31393a22323032332d30392d31332032303a33393a3131223b6c6173745f6c6f67696e7c733a31393a22323032332d31302d31342031383a32333a3139223b69645f6b6563616d6174616e7c733a313a2230223b69645f646573617c733a313a2230223b69645f72777c733a313a2230223b69645f72747c733a313a2230223b69645f7470737c733a313a2230223b7374617475737c733a383a224c6f67656420696e223b6d73677c733a3334343a223c7020636c6173733d22626f782d6d7367223e0a090909092020202020203c64697620636c6173733d22696e666f2d626f7820616c6572742d73756363657373223e0a09090909092020202020203c64697620636c6173733d22696e666f2d626f782d69636f6e223e0a0909090909202020202020093c6920636c6173733d2266612066612d636865636b2d636972636c65223e3c2f693e0a09090909092020202020203c2f6469763e0a09090909092020202020203c64697620636c6173733d22696e666f2d626f782d636f6e74656e7422207374796c653d22666f6e742d73697a653a31347078223e0a090909092020202020202020093c62207374796c653d22666f6e742d73697a653a2032307078223e53656c616d617420646174616e6720537570657241646d696e2e2e2e2e2e2e3c2f623e3c2f6469763e0a090909090920203c2f6469763e0a09090909202020203c2f703e223b),
('fmhnadfop8tlplmdg849hhj8t61npmqu', '103.78.115.97', 1697327562, 0x5f5f63695f6c6173745f726567656e65726174657c693a313639373332373536323b7365676d656e747c613a323a7b693a303b733a353a2273616b7369223b693a313b733a363a226578706f7274223b7d5f5f63695f766172737c613a323a7b733a373a227365676d656e74223b733a333a226e6577223b733a333a226d7367223b733a333a226f6c64223b7d69735f6c6f67696e7c623a313b69647c733a313a2231223b70617373776f72647c733a33323a223137633435323066366366643161623533643837343565383436383165623439223b69645f726f6c657c733a313a2231223b757365726e616d657c733a31303a22737570657261646d696e223b66697273745f6e616d657c733a31303a22537570657241646d696e223b656d61696c7c733a303a22223b70686f6e657c733a303a22223b70686f746f7c733a33333a22506963736172745f32332d31302d30315f31392d34322d35352d3033322e6a7067223b637265617465645f6f6e7c733a31393a22323032332d30392d31332032303a33393a3131223b6c6173745f6c6f67696e7c733a31393a22323032332d31302d31342031383a32333a3139223b69645f6b6563616d6174616e7c733a313a2230223b69645f646573617c733a313a2230223b69645f72777c733a313a2230223b69645f72747c733a313a2230223b69645f7470737c733a313a2230223b7374617475737c733a383a224c6f67656420696e223b6d73677c733a3334343a223c7020636c6173733d22626f782d6d7367223e0a090909092020202020203c64697620636c6173733d22696e666f2d626f7820616c6572742d73756363657373223e0a09090909092020202020203c64697620636c6173733d22696e666f2d626f782d69636f6e223e0a0909090909202020202020093c6920636c6173733d2266612066612d636865636b2d636972636c65223e3c2f693e0a09090909092020202020203c2f6469763e0a09090909092020202020203c64697620636c6173733d22696e666f2d626f782d636f6e74656e7422207374796c653d22666f6e742d73697a653a31347078223e0a090909092020202020202020093c62207374796c653d22666f6e742d73697a653a2032307078223e53656c616d617420646174616e6720537570657241646d696e2e2e2e2e2e2e3c2f623e3c2f6469763e0a090909090920203c2f6469763e0a09090909202020203c2f703e223b),
('2b48uqaljdrhcg3lnbn463phu67g9one', '103.78.115.97', 1697327842, 0x5f5f63695f6c6173745f726567656e65726174657c693a313639373332373536323b7365676d656e747c613a323a7b693a303b733a363a22736c69646572223b693a313b733a393a22616a61785f6c697374223b7d5f5f63695f766172737c613a323a7b733a373a227365676d656e74223b733a333a226e6577223b733a333a226d7367223b733a333a226f6c64223b7d69735f6c6f67696e7c623a313b69647c733a313a2231223b70617373776f72647c733a33323a223137633435323066366366643161623533643837343565383436383165623439223b69645f726f6c657c733a313a2231223b757365726e616d657c733a31303a22737570657261646d696e223b66697273745f6e616d657c733a31303a22537570657241646d696e223b656d61696c7c733a303a22223b70686f6e657c733a303a22223b70686f746f7c733a33333a22506963736172745f32332d31302d30315f31392d34322d35352d3033322e6a7067223b637265617465645f6f6e7c733a31393a22323032332d30392d31332032303a33393a3131223b6c6173745f6c6f67696e7c733a31393a22323032332d31302d31342031383a32333a3139223b69645f6b6563616d6174616e7c733a313a2230223b69645f646573617c733a313a2230223b69645f72777c733a313a2230223b69645f72747c733a313a2230223b69645f7470737c733a313a2230223b7374617475737c733a383a224c6f67656420696e223b6d73677c733a3334343a223c7020636c6173733d22626f782d6d7367223e0a090909092020202020203c64697620636c6173733d22696e666f2d626f7820616c6572742d73756363657373223e0a09090909092020202020203c64697620636c6173733d22696e666f2d626f782d69636f6e223e0a0909090909202020202020093c6920636c6173733d2266612066612d636865636b2d636972636c65223e3c2f693e0a09090909092020202020203c2f6469763e0a09090909092020202020203c64697620636c6173733d22696e666f2d626f782d636f6e74656e7422207374796c653d22666f6e742d73697a653a31347078223e0a090909092020202020202020093c62207374796c653d22666f6e742d73697a653a2032307078223e53656c616d617420646174616e6720537570657241646d696e2e2e2e2e2e2e3c2f623e3c2f6469763e0a090909090920203c2f6469763e0a09090909202020203c2f703e223b),
('98ri9uanikrlrqg3snfb2no9h2kbk5o0', '103.78.115.97', 1697327766, 0x5f5f63695f6c6173745f726567656e65726174657c693a313639373332373736363b7365676d656e747c613a313a7b693a303b733a303a22223b7d5f5f63695f766172737c613a313a7b733a373a227365676d656e74223b733a333a226f6c64223b7d);

-- --------------------------------------------------------

--
-- Struktur dari tabel `tbl_slider`
--

CREATE TABLE `tbl_slider` (
  `id_slider` int(11) NOT NULL,
  `nama_slider` varchar(100) NOT NULL,
  `path_slider` text NOT NULL,
  `status` int(11) NOT NULL
) ENGINE=InnoDB DEFAULT CHARSET=latin1 COLLATE=latin1_swedish_ci;

--
-- Dumping data untuk tabel `tbl_slider`
--

INSERT INTO `tbl_slider` (`id_slider`, `nama_slider`, `path_slider`, `status`) VALUES
(4, 'Foto 1', '11.jpeg', 1),
(5, 'Foto 2', '21.jpeg', 1);

-- --------------------------------------------------------

--
-- Struktur dari tabel `tbl_target`
--

CREATE TABLE `tbl_target` (
  `id_target` int(11) NOT NULL,
  `id_user` int(11) NOT NULL,
  `tps_target` varchar(255) NOT NULL,
  `target` int(11) NOT NULL,
  `crated_date` timestamp NOT NULL DEFAULT current_timestamp()
) ENGINE=InnoDB DEFAULT CHARSET=utf8mb4 COLLATE=utf8mb4_unicode_ci;

--
-- Dumping data untuk tabel `tbl_target`
--

INSERT INTO `tbl_target` (`id_target`, `id_user`, `tps_target`, `target`, `crated_date`) VALUES
(1, 124, '-', 10, '2023-10-10 23:47:48'),
(2, 104, '-', 0, '2023-10-10 23:52:19'),
(3, 105, '-', 0, '2023-10-10 23:52:19'),
(4, 106, '-', 0, '2023-10-10 23:52:19'),
(5, 108, '-', 0, '2023-10-10 23:52:19'),
(6, 110, '-', 0, '2023-10-10 23:52:19'),
(7, 111, '-', 0, '2023-10-10 23:52:19'),
(8, 112, '-', 0, '2023-10-10 23:52:19'),
(9, 113, '-', 0, '2023-10-10 23:52:19'),
(10, 114, '-', 0, '2023-10-10 23:52:19'),
(11, 115, '-', 0, '2023-10-10 23:52:19'),
(12, 116, '-', 0, '2023-10-10 23:52:19'),
(13, 117, '-', 0, '2023-10-10 23:52:19'),
(14, 118, '-', 0, '2023-10-10 23:52:19'),
(15, 119, '-', 3000, '2023-10-10 23:52:19'),
(16, 120, '-', 0, '2023-10-10 23:52:19'),
(17, 121, '-', 0, '2023-10-10 23:52:19'),
(18, 122, '-', 0, '2023-10-10 23:52:19'),
(19, 123, '-', 0, '2023-10-10 23:52:19'),
(22, 6, '-', 0, '2023-10-12 12:55:08'),
(23, 7, '-', 0, '2023-10-12 13:49:09'),
(24, 8, '-', 0, '2023-10-12 13:50:21'),
(25, 9, '-', 0, '2023-10-14 03:14:20'),
(26, 10, '-', 0, '2023-10-14 03:22:47'),
(27, 11, '-', 0, '2023-10-14 03:24:18'),
(28, 12, '-', 0, '2023-10-14 03:24:18'),
(29, 13, '-', 0, '2023-10-14 03:25:26'),
(30, 14, '-', 0, '2023-10-14 03:29:39'),
(31, 15, '-', 0, '2023-10-14 03:31:15'),
(32, 16, '-', 0, '2023-10-14 03:32:23'),
(33, 17, '-', 0, '2023-10-14 03:34:12'),
(34, 18, '-', 0, '2023-10-14 03:35:57'),
(35, 19, '-', 0, '2023-10-14 03:35:58'),
(36, 20, '-', 0, '2023-10-14 11:21:44'),
(37, 21, '-', 0, '2023-10-14 12:22:07'),
(38, 22, '1', 100, '2023-10-14 23:54:42');

-- --------------------------------------------------------

--
-- Struktur dari tabel `tbl_tps`
--

CREATE TABLE `tbl_tps` (
  `id` int(11) NOT NULL,
  `kode_wilayah` int(11) NOT NULL DEFAULT 0,
  `id_kec` int(11) NOT NULL,
  `id_desa` int(11) NOT NULL,
  `id_rw` int(11) NOT NULL,
  `id_rt` int(11) NOT NULL,
  `nama_tps` varchar(50) NOT NULL,
  `target_tps` int(11) NOT NULL DEFAULT 0
) ENGINE=InnoDB DEFAULT CHARSET=latin1 COLLATE=latin1_swedish_ci ROW_FORMAT=DYNAMIC;

-- --------------------------------------------------------

--
-- Struktur dari tabel `tbl_user`
--

CREATE TABLE `tbl_user` (
  `id` int(11) NOT NULL,
  `id_role` int(11) NOT NULL,
  `username` varchar(100) NOT NULL,
  `password` varchar(255) NOT NULL,
  `first_name` varchar(50) NOT NULL,
  `email` varchar(254) NOT NULL,
  `phone` varchar(12) NOT NULL,
  `photo` varchar(255) NOT NULL,
  `activation_code` varchar(50) NOT NULL,
  `forgotten_password_code` varchar(50) NOT NULL,
  `forgotten_password_time` datetime NOT NULL,
  `remember_code` varchar(50) NOT NULL,
  `created_on` datetime NOT NULL DEFAULT current_timestamp(),
  `last_login` datetime NOT NULL,
  `active` enum('Y','N') NOT NULL DEFAULT 'Y',
  `id_tps` varchar(255) NOT NULL DEFAULT '0',
  `id_rt` varchar(255) NOT NULL,
  `id_rw` int(11) NOT NULL,
  `id_desa` int(11) NOT NULL DEFAULT 0,
  `id_kecamatan` int(11) NOT NULL,
  `id_wilayah` int(11) NOT NULL
) ENGINE=InnoDB DEFAULT CHARSET=latin1 COLLATE=latin1_swedish_ci;

--
-- Dumping data untuk tabel `tbl_user`
--

INSERT INTO `tbl_user` (`id`, `id_role`, `username`, `password`, `first_name`, `email`, `phone`, `photo`, `activation_code`, `forgotten_password_code`, `forgotten_password_time`, `remember_code`, `created_on`, `last_login`, `active`, `id_tps`, `id_rt`, `id_rw`, `id_desa`, `id_kecamatan`, `id_wilayah`) VALUES
(1, 1, 'superadmin', '17c4520f6cfd1ab53d8745e84681eb49', 'SuperAdmin', '', '', 'Picsart_23-10-01_19-42-55-032.jpg', '', '', '0000-00-00 00:00:00', '', '2023-09-13 20:39:11', '2023-10-14 18:23:19', 'Y', '0', '0', 0, 0, 0, 0),
(2, 1, 'admin1', 'e00cf25ad42683b3df678c61f42c6bda', 'Admin 1', '', '', '', '', '', '0000-00-00 00:00:00', '', '2023-10-07 23:55:51', '2023-10-13 09:31:20', 'Y', '0', '0', 0, 0, 0, 0),
(3, 1, 'admin2', 'c84258e9c39059a89ab77d846ddab909', 'Admin 2', '', '', '', '', '', '0000-00-00 00:00:00', '', '2023-10-07 23:56:17', '2023-10-09 14:54:37', 'Y', '0', '0', 0, 0, 0, 0),
(4, 1, 'admin3', '32cacb2f994f6b42183a1300d9a3e8d6', 'Admin 3', '', '', '', '', '', '0000-00-00 00:00:00', '', '2023-10-07 23:56:38', '2023-10-11 20:55:13', 'Y', '0', '0', 0, 0, 0, 0),
(5, 1, 'admin4', 'fc1ebc848e31e0a68e868432225e3c82', 'Admin 4', '', '', '', '', '', '0000-00-00 00:00:00', '', '2023-10-07 23:57:00', '2023-10-08 10:26:17', 'Y', '0', '0', 0, 0, 0, 0),
(6, 3, 'korcam_ciracas', 'c7c7dbfb8cfcb645db46377cd837ceb0', 'Korcam_ciracas', '', '', '', '', '', '0000-00-00 00:00:00', '', '2023-10-12 12:55:08', '0000-00-00 00:00:00', 'Y', '0', '', 0, 0, 17, 0),
(7, 3, 'korcam_psrebo', 'ed50e5c0d2388ef90b7ec7e2e82436b7', 'korcam_psrebo', '', '', '', '', '', '0000-00-00 00:00:00', '', '2023-10-12 13:49:09', '0000-00-00 00:00:00', 'Y', '0', '', 0, 0, 13, 0),
(8, 4, 'korkel_gedong', '48e0a0ddf89be38c46ddc4b7e4abaae9', 'korkel_gedong', '', '', '', '', '', '0000-00-00 00:00:00', '', '2023-10-12 13:50:21', '0000-00-00 00:00:00', 'Y', '0', '', 0, 23, 13, 0),
(9, 4, 'korkel_cijantung', '51f1d7f24069a3bbc5fd97104e775e7e', 'korkel_cijantung', '', '', '', '', '', '0000-00-00 00:00:00', '', '2023-10-14 03:14:20', '0000-00-00 00:00:00', 'Y', '0', '', 0, 24, 13, 0),
(10, 4, 'korkel_baru', '7b050b3bee4d56f83d2a2b4aae5e8702', 'korkel_baru', '', '', '', '', '', '0000-00-00 00:00:00', '', '2023-10-14 03:22:47', '2023-10-14 18:23:30', 'Y', '0', '', 0, 25, 0, 0),
(11, 4, 'korkel_kalisari', 'ebb0aafcea3839e81a3e1642a02ad33b', 'korkel_kalisari', '', '', '', '', '', '0000-00-00 00:00:00', '', '2023-10-14 03:24:18', '0000-00-00 00:00:00', 'Y', '0', '', 0, 22, 0, 0),
(12, 4, 'korkel_kalisari', 'ebb0aafcea3839e81a3e1642a02ad33b', 'korkel_kalisari', '', '', '', '', '', '0000-00-00 00:00:00', '', '2023-10-14 03:24:18', '0000-00-00 00:00:00', 'Y', '0', '', 0, 22, 0, 0),
(13, 4, 'korkel_pekayon', '07dbd6ec5df46823b130fd5bb1557ffe', 'korkel_pekayon', '', '', '', '', '', '0000-00-00 00:00:00', '', '2023-10-14 03:25:26', '0000-00-00 00:00:00', 'Y', '0', '', 0, 21, 0, 0),
(14, 4, 'korkel_cibubur', '8e043643f6906d849bd80b05e70f6306', 'korkel_cibubur', '', '', '', '', '', '0000-00-00 00:00:00', '', '2023-10-14 03:29:39', '0000-00-00 00:00:00', 'Y', '0', '', 0, 9, 17, 0),
(15, 4, 'korkel_kdw', 'a732a4b202602b17f98e4102827fe162', 'korkel_kdw', '', '', '', '', '', '0000-00-00 00:00:00', '', '2023-10-14 03:31:15', '0000-00-00 00:00:00', 'Y', '0', '', 0, 10, 0, 0),
(16, 3, 'korkel_susukan', '92f52eefa2293d1046dbc44d7dbd481d', 'korkel_susukan', '', '', '', '', '', '0000-00-00 00:00:00', '', '2023-10-14 03:32:23', '0000-00-00 00:00:00', 'Y', '0', '', 0, 11, 0, 0),
(17, 4, 'korkel_rambutan', '24daff28a4abbbe16b33f7c0049ef31a', 'korkel_rambutan', '', '', '', '', '', '0000-00-00 00:00:00', '', '2023-10-14 03:34:12', '0000-00-00 00:00:00', 'Y', '0', '', 0, 12, 0, 0),
(18, 4, 'korkel_ciracas', '0cd6fc9b2dc9092167999ab86b1f7bff', 'korkel_ciracas', '', '', '', '', '', '0000-00-00 00:00:00', '', '2023-10-14 03:35:57', '0000-00-00 00:00:00', 'Y', '0', '', 0, 33, 0, 0),
(19, 4, 'korkel_ciracas', '0cd6fc9b2dc9092167999ab86b1f7bff', 'korkel_ciracas', '', '', '', '', '', '0000-00-00 00:00:00', '', '2023-10-14 03:35:58', '0000-00-00 00:00:00', 'Y', '0', '', 0, 33, 0, 0),
(22, 6, 'test', '81dc9bdb52d04dc20036dbd8313ed055', 'testing', 'test@gmail.com', '081234567891', '', '', '', '0000-00-00 00:00:00', '', '2023-10-14 23:54:42', '0000-00-00 00:00:00', 'Y', '0', '1', 173, 9, 17, 0);

-- --------------------------------------------------------

--
-- Struktur dari tabel `tbl_wdesa`
--

CREATE TABLE `tbl_wdesa` (
  `id_desa` int(10) NOT NULL,
  `kode_wilayah` int(11) DEFAULT NULL,
  `id_kec` int(11) NOT NULL DEFAULT 0,
  `nama_desa` varchar(40) DEFAULT NULL
) ENGINE=InnoDB DEFAULT CHARSET=latin1 COLLATE=latin1_swedish_ci ROW_FORMAT=COMPACT;

--
-- Dumping data untuk tabel `tbl_wdesa`
--

INSERT INTO `tbl_wdesa` (`id_desa`, `kode_wilayah`, `id_kec`, `nama_desa`) VALUES
(9, NULL, 17, 'CIBUBUR'),
(10, NULL, 17, 'KELAPA DUA WETAN'),
(11, NULL, 17, 'SUSUKAN'),
(12, NULL, 17, 'RAMBUTAN'),
(14, NULL, 12, 'PONDOK RANGGON'),
(15, NULL, 12, 'MUNJUL'),
(16, NULL, 12, 'LUBANG BUAYA'),
(17, NULL, 12, 'CIPAYUNG'),
(18, NULL, 12, 'CILANGKAP'),
(19, NULL, 12, 'CEGER'),
(20, NULL, 12, 'BAMBU APUS'),
(21, NULL, 13, 'PEKAYON'),
(22, NULL, 13, 'KALISARI'),
(23, NULL, 13, 'GEDONG'),
(24, NULL, 13, 'CIJANTUNG'),
(25, NULL, 13, 'BARU'),
(26, NULL, 14, 'MAKASAR'),
(27, NULL, 14, 'PINANG RANTI'),
(28, NULL, 14, 'KEBON PALA'),
(29, NULL, 14, 'CIPINANG MELAYU'),
(30, NULL, 14, 'HALIM PERDANA KUSUMA'),
(33, NULL, 17, 'CIRACAS'),
(37, NULL, 12, 'SETU');

-- --------------------------------------------------------

--
-- Struktur dari tabel `tbl_wkecamatan`
--

CREATE TABLE `tbl_wkecamatan` (
  `id_kec` int(11) NOT NULL,
  `kode` varchar(50) NOT NULL,
  `nama_kec` varchar(30) NOT NULL
) ENGINE=InnoDB DEFAULT CHARSET=latin1 COLLATE=latin1_swedish_ci ROW_FORMAT=COMPACT;

--
-- Dumping data untuk tabel `tbl_wkecamatan`
--

INSERT INTO `tbl_wkecamatan` (`id_kec`, `kode`, `nama_kec`) VALUES
(12, 'DAPIL 06', 'CIPAYUNG'),
(13, 'DAPIL 06', 'PASAR REBO'),
(14, 'DAPIL 06', 'MAKASAR'),
(17, 'DAPIL 06', 'CIRACAS');

-- --------------------------------------------------------

--
-- Struktur dari tabel `tbl_wrt`
--

CREATE TABLE `tbl_wrt` (
  `id_rt` int(10) NOT NULL,
  `id_rw` int(10) NOT NULL,
  `id_desa` int(10) NOT NULL,
  `id_kec` int(11) NOT NULL DEFAULT 0,
  `id_wilayah` int(11) NOT NULL DEFAULT 0,
  `nama_rt` varchar(40) DEFAULT NULL
) ENGINE=InnoDB DEFAULT CHARSET=latin1 COLLATE=latin1_swedish_ci ROW_FORMAT=COMPACT;

--
-- Dumping data untuk tabel `tbl_wrt`
--

INSERT INTO `tbl_wrt` (`id_rt`, `id_rw`, `id_desa`, `id_kec`, `id_wilayah`, `nama_rt`) VALUES
(69, 172, 33, 17, 0, '1'),
(70, 172, 33, 17, 0, '2'),
(71, 172, 33, 17, 0, '3'),
(72, 172, 33, 17, 0, '4'),
(73, 172, 33, 17, 0, '5'),
(74, 172, 33, 17, 0, '6'),
(75, 172, 33, 17, 0, '7'),
(76, 172, 33, 17, 0, '8'),
(77, 172, 33, 17, 0, '9'),
(78, 172, 33, 17, 0, '10'),
(79, 172, 33, 17, 0, '11'),
(80, 172, 33, 17, 0, '12'),
(81, 172, 33, 17, 0, '13'),
(82, 172, 33, 17, 0, '14'),
(83, 172, 33, 17, 0, '15'),
(85, 109, 17, 12, 0, '2'),
(87, 1, 21, 13, 0, '1'),
(88, 168, 33, 17, 0, '1');

-- --------------------------------------------------------

--
-- Struktur dari tabel `tbl_wrw`
--

CREATE TABLE `tbl_wrw` (
  `id_rw` int(10) NOT NULL,
  `id_desa` int(10) NOT NULL,
  `id_kec` int(11) NOT NULL DEFAULT 0,
  `id_wilayah` int(11) NOT NULL DEFAULT 0,
  `nama_rw` varchar(40) DEFAULT NULL
) ENGINE=InnoDB DEFAULT CHARSET=latin1 COLLATE=latin1_swedish_ci ROW_FORMAT=COMPACT;

--
-- Dumping data untuk tabel `tbl_wrw`
--

INSERT INTO `tbl_wrw` (`id_rw`, `id_desa`, `id_kec`, `id_wilayah`, `nama_rw`) VALUES
(1, 21, 13, 0, '1'),
(2, 21, 13, 0, '2'),
(3, 21, 13, 0, '3'),
(4, 21, 13, 0, '4'),
(5, 21, 13, 0, '5'),
(6, 21, 13, 0, '6'),
(7, 21, 13, 0, '7'),
(8, 21, 13, 0, '8'),
(9, 21, 13, 0, '9'),
(10, 21, 13, 0, '10'),
(11, 22, 13, 0, '1'),
(12, 22, 13, 0, '2'),
(13, 22, 13, 0, '3'),
(14, 22, 13, 0, '4'),
(15, 22, 13, 0, '5'),
(16, 22, 13, 0, '6'),
(17, 22, 13, 0, '7'),
(18, 22, 13, 0, '8'),
(19, 22, 13, 0, '9'),
(20, 22, 13, 0, '10'),
(21, 24, 13, 0, '1'),
(22, 24, 13, 0, '2'),
(23, 24, 13, 0, '3'),
(24, 24, 13, 0, '4'),
(25, 24, 13, 0, '5'),
(26, 24, 13, 0, '6'),
(27, 24, 13, 0, '7'),
(28, 24, 13, 0, '8'),
(29, 24, 13, 0, '9'),
(30, 24, 13, 0, '10'),
(31, 24, 13, 0, '11'),
(32, 25, 13, 0, '1'),
(33, 25, 13, 0, '2'),
(34, 25, 13, 0, '3'),
(35, 25, 13, 0, '4'),
(36, 25, 13, 0, '5'),
(37, 25, 13, 0, '6'),
(38, 25, 13, 0, '7'),
(39, 25, 13, 0, '8'),
(40, 25, 13, 0, '9'),
(41, 25, 13, 0, '10'),
(42, 23, 13, 0, '1'),
(43, 23, 13, 0, '2'),
(44, 23, 13, 0, '3'),
(45, 23, 13, 0, '4'),
(46, 23, 13, 0, '5'),
(47, 23, 13, 0, '6'),
(48, 23, 13, 0, '7'),
(49, 23, 13, 0, '8'),
(50, 23, 13, 0, '9'),
(51, 23, 13, 0, '10'),
(52, 23, 13, 0, '11'),
(53, 23, 13, 0, '12'),
(54, 26, 14, 0, '1'),
(55, 26, 14, 0, '2'),
(56, 26, 14, 0, '3'),
(57, 26, 14, 0, '4'),
(58, 26, 14, 0, '5'),
(59, 26, 14, 0, '6'),
(60, 26, 14, 0, '7'),
(61, 27, 14, 0, '1'),
(62, 27, 14, 0, '2'),
(63, 27, 14, 0, '3'),
(64, 27, 14, 0, '4'),
(65, 27, 14, 0, '5'),
(66, 28, 14, 0, '1'),
(67, 28, 14, 0, '2'),
(68, 28, 14, 0, '3'),
(69, 28, 14, 0, '4'),
(70, 28, 14, 0, '5'),
(71, 28, 14, 0, '6'),
(72, 28, 14, 0, '7'),
(73, 28, 14, 0, '8'),
(74, 28, 14, 0, '9'),
(75, 28, 14, 0, '10'),
(76, 28, 14, 0, '11'),
(77, 28, 14, 0, '12'),
(78, 30, 14, 0, '1'),
(79, 30, 14, 0, '2'),
(80, 30, 14, 0, '3'),
(81, 30, 14, 0, '4'),
(82, 30, 14, 0, '5'),
(83, 30, 14, 0, '6'),
(84, 30, 14, 0, '7'),
(85, 30, 14, 0, '8'),
(86, 30, 14, 0, '9'),
(87, 30, 14, 0, '10'),
(88, 30, 14, 0, '11'),
(89, 30, 14, 0, '12'),
(90, 30, 14, 0, '13'),
(91, 30, 14, 0, '14'),
(92, 30, 14, 0, '15'),
(93, 30, 14, 0, '16'),
(94, 29, 14, 0, '1'),
(95, 29, 14, 0, '2'),
(96, 29, 14, 0, '3'),
(97, 29, 14, 0, '4'),
(98, 29, 14, 0, '5'),
(99, 29, 14, 0, '6'),
(100, 29, 14, 0, '7'),
(101, 29, 14, 0, '8'),
(102, 29, 14, 0, '9'),
(103, 29, 14, 0, '10'),
(104, 29, 14, 0, '11'),
(105, 29, 14, 0, '12'),
(106, 29, 14, 0, '13'),
(107, 17, 12, 0, '1'),
(108, 17, 12, 0, '2'),
(109, 17, 12, 0, '3'),
(110, 17, 12, 0, '4'),
(111, 17, 12, 0, '5'),
(112, 17, 12, 0, '6'),
(113, 17, 12, 0, '7'),
(114, 17, 12, 0, '8'),
(115, 18, 12, 0, '1'),
(116, 18, 12, 0, '2'),
(117, 18, 12, 0, '3'),
(118, 18, 12, 0, '4'),
(119, 18, 12, 0, '5'),
(120, 18, 12, 0, '6'),
(121, 14, 12, 0, '1'),
(122, 14, 12, 0, '2'),
(123, 14, 12, 0, '3'),
(124, 14, 12, 0, '4'),
(125, 14, 12, 0, '5'),
(126, 14, 12, 0, '6'),
(127, 15, 12, 0, '1'),
(128, 15, 12, 0, '2'),
(129, 15, 12, 0, '3'),
(130, 15, 12, 0, '4'),
(131, 15, 12, 0, '5'),
(132, 15, 12, 0, '6'),
(133, 15, 12, 0, '7'),
(134, 15, 12, 0, '8'),
(135, 37, 12, 0, '1'),
(136, 37, 12, 0, '2'),
(137, 37, 12, 0, '3'),
(138, 37, 12, 0, '4'),
(139, 37, 12, 0, '5'),
(140, 37, 12, 0, '6'),
(141, 20, 12, 0, '1'),
(142, 20, 12, 0, '2'),
(143, 20, 12, 0, '3'),
(144, 20, 12, 0, '4'),
(145, 20, 12, 0, '5'),
(146, 16, 12, 0, '1'),
(147, 16, 12, 0, '2'),
(148, 16, 12, 0, '3'),
(149, 16, 12, 0, '4'),
(150, 16, 12, 0, '5'),
(151, 16, 12, 0, '6'),
(152, 16, 12, 0, '7'),
(153, 16, 12, 0, '8'),
(154, 16, 12, 0, '9'),
(155, 16, 12, 0, '10'),
(156, 16, 12, 0, '11'),
(157, 16, 12, 0, '12'),
(158, 19, 12, 0, '1'),
(159, 19, 12, 0, '2'),
(160, 19, 12, 0, '3'),
(161, 19, 12, 0, '4'),
(162, 19, 12, 0, '5'),
(163, 33, 17, 0, '1'),
(164, 33, 17, 0, '2'),
(165, 33, 17, 0, '3'),
(166, 33, 17, 0, '4'),
(167, 33, 17, 0, '5'),
(168, 33, 17, 0, '6'),
(169, 33, 17, 0, '7'),
(170, 33, 17, 0, '8'),
(171, 33, 17, 0, '9'),
(172, 33, 17, 0, '10'),
(173, 9, 17, 0, '1'),
(174, 9, 17, 0, '2'),
(175, 9, 17, 0, '3'),
(176, 9, 17, 0, '4'),
(177, 9, 17, 0, '5'),
(178, 9, 17, 0, '6'),
(179, 9, 17, 0, '7'),
(180, 9, 17, 0, '8'),
(181, 9, 17, 0, '9'),
(182, 9, 17, 0, '10'),
(183, 9, 17, 0, '11'),
(184, 9, 17, 0, '12'),
(185, 9, 17, 0, '13'),
(186, 9, 17, 0, '14'),
(187, 10, 17, 0, '1'),
(188, 10, 17, 0, '2'),
(189, 10, 17, 0, '3'),
(190, 10, 17, 0, '4'),
(191, 10, 17, 0, '5'),
(192, 10, 17, 0, '6'),
(193, 10, 17, 0, '7'),
(194, 10, 17, 0, '8'),
(195, 10, 17, 0, '9'),
(196, 10, 17, 0, '10'),
(197, 10, 17, 0, '11'),
(198, 10, 17, 0, '12'),
(199, 11, 17, 0, '1'),
(200, 11, 17, 0, '2'),
(201, 11, 17, 0, '3'),
(202, 11, 17, 0, '4'),
(203, 11, 17, 0, '5'),
(204, 11, 17, 0, '6'),
(205, 11, 17, 0, '7'),
(206, 12, 17, 0, '1'),
(207, 12, 17, 0, '2'),
(208, 12, 17, 0, '3'),
(209, 12, 17, 0, '4'),
(210, 12, 17, 0, '5'),
(211, 12, 17, 0, '6');

--
-- Indexes for dumped tables
--

--
-- Indeks untuk tabel `profile_caleg`
--
ALTER TABLE `profile_caleg`
  ADD PRIMARY KEY (`id_profile`);

--
-- Indeks untuk tabel `tbl_pemilih`
--
ALTER TABLE `tbl_pemilih`
  ADD PRIMARY KEY (`id`) USING BTREE;

--
-- Indeks untuk tabel `tbl_realcount`
--
ALTER TABLE `tbl_realcount`
  ADD PRIMARY KEY (`id_realcount`);

--
-- Indeks untuk tabel `tbl_role`
--
ALTER TABLE `tbl_role`
  ADD PRIMARY KEY (`id`);

--
-- Indeks untuk tabel `tbl_saksi`
--
ALTER TABLE `tbl_saksi`
  ADD PRIMARY KEY (`id`) USING BTREE;

--
-- Indeks untuk tabel `tbl_sessions`
--
ALTER TABLE `tbl_sessions`
  ADD KEY `ci_sessions_timestamp` (`timestamp`);

--
-- Indeks untuk tabel `tbl_slider`
--
ALTER TABLE `tbl_slider`
  ADD PRIMARY KEY (`id_slider`);

--
-- Indeks untuk tabel `tbl_target`
--
ALTER TABLE `tbl_target`
  ADD PRIMARY KEY (`id_target`);

--
-- Indeks untuk tabel `tbl_tps`
--
ALTER TABLE `tbl_tps`
  ADD PRIMARY KEY (`id`) USING BTREE;

--
-- Indeks untuk tabel `tbl_user`
--
ALTER TABLE `tbl_user`
  ADD PRIMARY KEY (`id`);

--
-- Indeks untuk tabel `tbl_wdesa`
--
ALTER TABLE `tbl_wdesa`
  ADD PRIMARY KEY (`id_desa`);

--
-- Indeks untuk tabel `tbl_wkecamatan`
--
ALTER TABLE `tbl_wkecamatan`
  ADD PRIMARY KEY (`id_kec`);

--
-- Indeks untuk tabel `tbl_wrt`
--
ALTER TABLE `tbl_wrt`
  ADD PRIMARY KEY (`id_rt`);

--
-- Indeks untuk tabel `tbl_wrw`
--
ALTER TABLE `tbl_wrw`
  ADD PRIMARY KEY (`id_rw`);

--
-- AUTO_INCREMENT untuk tabel yang dibuang
--

--
-- AUTO_INCREMENT untuk tabel `profile_caleg`
--
ALTER TABLE `profile_caleg`
  MODIFY `id_profile` int(11) NOT NULL AUTO_INCREMENT, AUTO_INCREMENT=41;

--
-- AUTO_INCREMENT untuk tabel `tbl_pemilih`
--
ALTER TABLE `tbl_pemilih`
  MODIFY `id` int(11) NOT NULL AUTO_INCREMENT, AUTO_INCREMENT=9;

--
-- AUTO_INCREMENT untuk tabel `tbl_realcount`
--
ALTER TABLE `tbl_realcount`
  MODIFY `id_realcount` int(11) NOT NULL AUTO_INCREMENT, AUTO_INCREMENT=2;

--
-- AUTO_INCREMENT untuk tabel `tbl_role`
--
ALTER TABLE `tbl_role`
  MODIFY `id` int(11) NOT NULL AUTO_INCREMENT, AUTO_INCREMENT=9;

--
-- AUTO_INCREMENT untuk tabel `tbl_saksi`
--
ALTER TABLE `tbl_saksi`
  MODIFY `id` int(11) NOT NULL AUTO_INCREMENT, AUTO_INCREMENT=9;

--
-- AUTO_INCREMENT untuk tabel `tbl_slider`
--
ALTER TABLE `tbl_slider`
  MODIFY `id_slider` int(11) NOT NULL AUTO_INCREMENT, AUTO_INCREMENT=13;

--
-- AUTO_INCREMENT untuk tabel `tbl_target`
--
ALTER TABLE `tbl_target`
  MODIFY `id_target` int(11) NOT NULL AUTO_INCREMENT, AUTO_INCREMENT=39;

--
-- AUTO_INCREMENT untuk tabel `tbl_tps`
--
ALTER TABLE `tbl_tps`
  MODIFY `id` int(11) NOT NULL AUTO_INCREMENT, AUTO_INCREMENT=37;

--
-- AUTO_INCREMENT untuk tabel `tbl_user`
--
ALTER TABLE `tbl_user`
  MODIFY `id` int(11) NOT NULL AUTO_INCREMENT, AUTO_INCREMENT=23;

--
-- AUTO_INCREMENT untuk tabel `tbl_wdesa`
--
ALTER TABLE `tbl_wdesa`
  MODIFY `id_desa` int(10) NOT NULL AUTO_INCREMENT, AUTO_INCREMENT=40;

--
-- AUTO_INCREMENT untuk tabel `tbl_wkecamatan`
--
ALTER TABLE `tbl_wkecamatan`
  MODIFY `id_kec` int(11) NOT NULL AUTO_INCREMENT, AUTO_INCREMENT=19;

--
-- AUTO_INCREMENT untuk tabel `tbl_wrt`
--
ALTER TABLE `tbl_wrt`
  MODIFY `id_rt` int(10) NOT NULL AUTO_INCREMENT, AUTO_INCREMENT=90;

--
-- AUTO_INCREMENT untuk tabel `tbl_wrw`
--
ALTER TABLE `tbl_wrw`
  MODIFY `id_rw` int(10) NOT NULL AUTO_INCREMENT, AUTO_INCREMENT=213;
COMMIT;

/*!40101 SET CHARACTER_SET_CLIENT=@OLD_CHARACTER_SET_CLIENT */;
/*!40101 SET CHARACTER_SET_RESULTS=@OLD_CHARACTER_SET_RESULTS */;
/*!40101 SET COLLATION_CONNECTION=@OLD_COLLATION_CONNECTION */;
